time,open,high,low,close,volume
2026-10-02T00:00:00Z,84849,84934,84673,84763,260.1
2026-10-02T01:00:00Z,84763,84967,84489,84877,159.8
2026-10-02T02:00:00Z,84877,85187,84821,85165,220.8
2026-10-02T03:00:00Z,85165,85547,85156,85484,397.0
2026-10-02T04:00:00Z,85484,86885,85422,86632,624.4
2026-10-02T05:00:00Z,86632,86669,85859,85980,206.9
2026-10-02T06:00:00Z,85980,86098,85859,85964,192.5
2026-10-02T07:00:00Z,85964,86153,85740,86089,361.7
2026-10-02T08:00:00Z,86089,86625,86054,86236,183.9
2026-10-02T09:00:00Z,86236,86428,86100,86352,171.8
2026-10-02T10:00:00Z,86352,86496,86158,86281,179.1
2026-10-02T11:00:00Z,86281,86564,86260,86412,257.1
2026-10-02T12:00:00Z,86412,87249,86289,86803,562.4
2026-10-02T13:00:00Z,86803,87178,86450,86564,705.2
2026-10-02T14:00:00Z,86566,86841,85377,85676,771.9
2026-10-02T15:00:00Z,85683,85760,85129,85322,518.1
2026-10-02T16:00:00Z,85315,85507,85002,85144,443.1
2026-10-02T17:00:00Z,85144,85256,84482,84760,775.4
2026-10-02T18:00:00Z,84760,84897,83850,84238,700.6
2026-10-02T19:00:00Z,84241,84331,83955,84292,401.2
2026-10-02T20:00:00Z,84289,84532,84200,84431,381.4
2026-10-02T21:00:00Z,84431,84539,84400,84514,103.5
2026-10-02T22:00:00Z,84514,84557,84440,84550,95.9
2026-10-02T23:00:00Z,84550,84569,84461,84505,88.8
