date,btc_open,btc_high,btc_low,btc_close,btc_volume,etf_flow_usd_m,okx_oi_usd_b,okx_oi_btc
2026-09-22,86594.94,86734.00,85059.28,86198.05,8943.88,714.7,2.581,30741.03
2026-09-23,86198.05,87282.81,83513.00,84378.31,7836.10,346.9,2.428,28776.00
2026-09-24,84378.31,84929.78,82708.96,84385.46,6839.38,190.7,2.410,28782.42
2026-09-25,84385.47,85250.00,83091.19,84093.13,7277.88,134.5,2.386,28372.81
2026-09-26,84093.13,84470.44,83777.77,84416.65,1990.34,,2.361,27962.31
2026-09-27,84416.64,85158.50,84113.56,84462.14,2958.05,,2.416,28984.01
2026-09-28,84463.08,84992.00,82510.37,83456.74,6680.12,31.0,2.330,28094.47
2026-09-29,83456.74,84557.01,82736.00,83638.42,4975.87,66.2,2.331,27718.68
2026-09-30,83638.42,85613.72,82911.86,83556.14,7049.24,-148.7,2.403,28586.79
2026-10-01,83556.14,85244.00,83107.03,84848.73,6608.92,102.7,2.509,29433.43
2026-10-02,84848.73,87249.05,83850.02,84504.88,8762.23,189.9,2.420,28530.17
2026-10-03,84504.88,85021.57,84425.07,84742.22,1921.25,,2.429,28486.93
2026-10-04,84742.22,86792.81,84700.02,86507.11,2622.78,,2.499,29019.54
