time,open,high,low,close,volume
2026-09-01,78562.74,79195.32,76366.12,77398.69,7523.97854815
2026-09-02,77398.7,77750,76219.18,77307.36,4983.63357935
2026-09-03,77307.36,82283,76929.29,81263.99,11050.40122438
2026-09-04,81263.99,81438.01,78626,79675.12,6701.30838176
2026-09-05,79675.12,80200.67,79458.74,79831.57,2147.97686767
2026-09-06,79833.86,80564.24,79250,80339.13,2000.39186862
2026-09-07,80339.13,80462.23,78666,79091.97,3292.97954149
2026-09-08,79091.97,79477.07,77589,78447.11,5149.1413426
2026-09-09,78449.28,79752.73,77727,78283.98,5255.8427141
2026-09-10,78283.98,78554.18,76440,76536.55,6390.76117588
2026-09-11,76536.55,79852.22,76030,77208.55,7310.99918713
2026-09-12,77208.55,77495,77049.56,77262.85,1669.17865116
2026-09-13,77262.85,77425.43,76457.09,76799.85,2218.40141229
2026-09-14,76799.85,79591.17,76347.27,78175.01,6547.43119962
2026-09-15,78175,78242.76,74887.5,75584.17,10155.2013027
2026-09-16,75584.17,76499.99,74911.53,76144.99,6945.70295886
2026-09-17,76144.99,77105.42,75921.88,76348.74,5353.30278119
2026-09-18,76348.74,81388.47,76205.46,80875.04,12360.2523087
2026-09-19,80875.04,81925,80822.48,81233.91,3325.31440002
2026-09-20,81233.91,81472.04,80085,81159.64,3612.2748174
2026-09-21,81160.33,87397,80837.42,86594.94,14077.54012157
2026-09-22,86594.94,86734,85059.28,86198.05,8943.87588877
2026-09-23,86198.05,87282.81,83513,84378.31,7836.10064765
2026-09-24,84378.31,84929.78,82708.96,84385.46,6839.37550902
2026-09-25,84385.47,85250,83091.19,84093.13,7277.8815177
2026-09-26,84093.13,84470.44,83777.77,84416.65,1990.34470923
2026-09-27,84416.64,85158.5,84113.56,84462.14,2958.05456342
2026-09-28,84463.08,84992,82510.37,83456.74,6680.12066817
2026-09-29,83456.74,84557.01,82736,83638.42,4975.86563586
2026-09-30,83638.42,83700,82989.89,83086.56,653.36257084
